date,cycle_id,tasks_created,tasks_completed,avg_quality_score,cycle_duration_min,notes
2025-12-23,20251223-0300,0,0,0,0,Initial setup - no previous cycle
2025-12-23,20251223-0600,5,7,8.4,20,Cycle 2 - Direct curator cycle based on completion reports
2025-12-23,20251223-0630,3,0,7.9,15,Cycle 3 - Curated Strategist drafts (6 reviewed 3 approved 1 merged 1 rejected)
2025-12-23,20251223-1900,8,2,8.1,25,Cycle 5 - Full PDCA cycle (Auditor+Curator). 8 tasks distributed across 5 agents.
2025-12-23,20251223-2330,0,0,8.0,15,Cycle 6 - Cleanup/consolidation. Archived 12 duplicate tasks. 9 active tasks remain.

2025-12-24,20251224-0330,0,0,8.0,30,Cycle 8 - Full audit. Execution gap identified: 9 tasks queued 0 executed. Recommend Testing/Documentation agents.
2025-12-24,20251224-0400,0,0,8.5,30,Cycle 8 Strategy - EXECUTION focus. No new tasks. 3 tasks prioritized for immediate launch (Testing x2 Documentation x1).
2025-12-24,20251224-0430,0,0,8.9,30,Cycle 8 Curation - 5 drafts reviewed all approved (8.8-9.2). Launch commands ready. Execution gap remains critical.
2025-12-24,20251224-1130,0,0,9.0,20,Cycle 9 - Curation complete. 5 prompts reviewed all approved (9.0 avg). Execution gap = 4 cycles. PAUSE controllers until workers execute.
2025-12-24,20251224-1453,0,6,8.6,15,Cycle 10 - EXECUTION SUCCESS. 6 tasks completed (P0 export fix + UploadThing + SaaS enhancements). Execution gap closed. 7 duplicate tasks cleaned.
2025-12-24,20251224-1800,5,8,9.1,30,Cycle 10 Curation - 5 tasks distributed (avg 9.1). 34 commits in audit period. 694 tests passing. All prompts approved.
2025-12-25,20251225-0200,6,8,8.4,30,Cycle 11 Curation - 6 tasks distributed (avg 8.4). 56 commits in audit period. 732 tests passing. All prompts approved.
2025-12-25,20251225-1400,6,0,8.2,30,Cycle 12 Curation - 6 tasks re-distributed (avg 8.2). Execution gap critical: 0 tasks from Cycle 11 completed. P0 commit task added.
2025-12-25,20251225-1530,6,0,8.6,30,Cycle 13 Curation - 6 tasks distributed (avg 8.6). All prompts approved. Execution gap 3+ cycles. P0 commit remains critical.
2025-12-25,20251225-1700,6,0,8.4,30,Cycle 14 Curation - 6 tasks distributed (avg 8.4). All prompts approved. PAUSING governance until executor agents complete work. Execution gap 4 cycles.
2025-12-25,20251225-1900,6,0,8.77,30,Cycle 16 Curation - 6 tasks distributed (avg 8.77). All prompts approved. GOVERNANCE PAUSE: Do not cycle until 3+ executor tasks complete. Execution gap 5 cycles.
2025-12-26,20251226-1200,6,5,8.73,25,Cycle 17 Curation - 6 tasks distributed (avg 8.73). EXECUTION GAP BROKEN! Website Agent completed 5+ Navy theme commits. All prompts approved.
2025-12-26,20251226-1800,5,5,8.72,30,Cycle 18 Curation - 5 tasks distributed (avg 8.72). Dedup completed inline (11 duplicates archived). All prompts approved. P0 escalated to Human.
2025-12-27,20251227-0030,4,0,9.15,30,Cycle 19 Curation - 4 tasks distributed (avg 9.15). 4 duplicates archived. Human commit CRITICAL P0. All prompts approved.
2025-12-27,20251227-0900,6,0,8.63,30,Cycle 20 Curation - 6 tasks distributed (avg 8.63). 7 drafts reviewed 6 approved 1 self-ref skipped. P0 commit 8+ cycles overdue.
